Tag,Class
AMAP,Certification
Activity Director Certified,Certification
Actuarial Exams,Certification
Advanced Cardiovascular Life Support (ACLS),Certification
Aerial Lift Certification,Certification
Affordable Housing Manager Certification,Certification
All Terrain Vehicle (ATV) Certification,Certification
American Board of Medical Laboratory Immunology (ABMLI) Certified,Certification
American Board of Medical Microbiology (ABMM) Certified,Certification
American Board of Neurophysiologic Monitoring,Certification
American Board of Optometry Certified,Certification
American Board of Pathology Certification,Certification
American Culinary Federation,Certification
American Medical Technologists,Certification
American Osteopathic Board of Nuclear Medicine (AOBNM) Certified,Certification
American Production And Inventory Control Society (APICS) Certification,Certification
American Society of Pension Professionals and Actuaries,Certification
American Traffic Safety Services Association (ATSSA) Certificate,Certification
American Welding Society Certification,Certification
Anti-Money Laundering Professional Certification,Certification
Aquatic Facility Operator,Certification
Assisted Housing Manager Certification (AHM),Certification
Associate Degree In Nursing,Certification
Associate Electronics Technician,Certification
Associate of Applied Science in Accounting Technology,Certification
Associate of Applied Science in Aerospace Technology,Certification
Associate of Applied Science in Animation and CGI Motion,Certification
Associate of Applied Science in Automotive Technology,Certification
Associate of Applied Science in Aviation Maintenance,Certification
Associate of Applied Science in Baking and Pastry Arts,Certification
Associate of Applied Science in Broadcasting Technology,Certification
Associate of Applied Science in Building Inspection Technology,Certification
Associate of Applied Science in Chemical Technology,Certification
Associate of Applied Science in Civil Engineering Technology,Certification
Associate of Applied Science in Construction Technology,Certification
Associate of Applied Science in Criminal Justice,Certification
Associate of Applied Science in Culinary Arts,Certification
Associate of Applied Science in Cybersecurity,Certification
Associate of Applied Science in Dental Hygiene,Certification
Associate of Applied Science in Diagnostic Medical Sonography,Certification
Associate of Applied Science in Digital Media Production,Certification
Associate of Applied Science in Electromechanical Technology,Certification
Associate of Applied Science in Emergency Medical Services,Certification
Associate of Applied Science in Fashion Design,Certification
Associate of Applied Science in Fire Science,Certification
Associate of Applied Science in Forensic Science,Certification
Associate of Applied Science in Graphic Communications,Certification
Associate of Applied Science in Health Information Technology,Certification
Associate of Applied Science in Human Resources Management,Certification
Associate of Applied Science in Information Technology,Certification
Associate of Applied Science in Logistics and Supply Chain Management,Certification
Associate of Applied Science in Mechanical Engineering Technology,Certification
Associate of Applied Science in Medical Laboratory Technology,Certification
Associate of Applied Science in Network Administration,Certification
Associate of Applied Science in Pharmacy Technology,Certification
Associate of Applied Science in Physical Fitness Technology,Certification
Associate of Applied Science in Renewable Energy Technology,Certification
Associate of Applied Science in Robotics Technology,Certification
Associate of Applied Science in Sports Management,Certification
Associate of Applied Science in Veterinary Technology,Certification
Associate of Applied Science in Web Design,Certification
Associate of Applied Science in Welding Technology,Certification
Associate of Arts in Anthropology,Certification
Associate of Arts in Art,Certification
Associate of Arts in Communication Studies,Certification
Associate of Arts in Early Childhood Education,Certification
Associate of Arts in Economics,Certification
Associate of Arts in English,Certification
Associate of Arts in Foreign Languages,Certification
Associate of Arts in Graphic Design,Certification
Associate of Arts in History,Certification
Associate of Arts in Interior Design,Certification
Associate of Arts in Journalism,Certification
Associate of Arts in Liberal Arts,Certification
Associate of Arts in Music,Certification
Associate of Arts in Philosophy,Certification
Associate of Arts in Political Science,Certification
Associate of Arts in Psychology,Certification
Associate of Arts in Sociology,Certification
Associate of Arts in Theatre Arts,Certification
Associate of Science in Agriculture Business,Certification
Associate of Science in Animal Science,Certification
Associate of Science in Audio Production,Certification
Associate of Science in Biology,Certification
Associate of Science in Biomedical Equipment Technology,Certification
Associate of Science in Business Administration,Certification
Associate of Science in Chemistry,Certification
Associate of Science in Computer Science,Certification
Associate of Science in Cybersecurity,Certification
Associate of Science in Data Science,Certification
Associate of Science in Dental Assisting,Certification
Associate of Science in Electrical Engineering Technology,Certification
Associate of Science in Environmental Science,Certification
Associate of Science in Environmental Technology,Certification
Associate of Science in Finance,Certification
Associate of Science in Forestry,Certification
Associate of Science in Game Design,Certification
Associate of Science in Geology,Certification
Associate of Science in Horticulture,Certification
Associate of Science in Hospitality Management,Certification
Associate of Science in Industrial Engineering Technology,Certification
Associate of Science in Kinesiology,Certification
Associate of Science in Marine Technology,Certification
Associate of Science in Marketing,Certification
Associate of Science in Mathematics,Certification
Associate of Science in Medical Radiography,Certification
Associate of Science in Nursing (ADN),Certification
Associate of Science in Nutrition,Certification
Associate of Science in Occupational Therapy Assistant,Certification
Associate of Science in Oceanography,Certification
Associate of Science in Paralegal Studies,Certification
Associate of Science in Physical Therapist Assistant,Certification
Associate of Science in Physics,Certification
Associate of Science in Pre-Dentistry,Certification
Associate of Science in Pre-Engineering,Certification
Associate of Science in Pre-Pharmacy,Certification
Associate of Science in Public Health,Certification
Associate of Science in Radiologic Technology,Certification
Associate of Science in Real Estate,Certification
Associate of Science in Renewable Natural Resources,Certification
Associate of Science in Respiratory Therapy,Certification
Associate of Science in Software Development,Certification
Associate of Science in Wildlife Management,Certification
Associate of the Society of Actuaries,Certification
Associate Professional In Talent Development,Certification
Associate Project Management,Certification
Associates Degree In Nursing,Certification
Association Management Specialist (AMS),Certification
Auditing Inpatient Coding,Certification
Auditing Outpatient Coding,Certification
Auditing Wireless Networks Certification,Certification
Bachelor of Science in Business,Certification
Bachelor of Science in Business Administration,Certification
Bachelor of Science in Nursing (BSN),Certification
Bachelor of Science In Pharmacy,Certification
Bachelor's in Accounting,Certification
Bachelor's in Advertising,Certification
Bachelor's in Aerospace Engineering,Certification
Bachelor's in Agricultural Science,Certification
Bachelor's in Animation,Certification
Bachelor's in Anthropology,Certification
Bachelor's in Architecture,Certification
Bachelor's in Art History,Certification
Bachelor's in Bioinformatics,Certification
Bachelor's in Biology,Certification
Bachelor's in Biomedical Engineering,Certification
Bachelor's in Botany,Certification
Bachelor's in Business Administration,Certification
Bachelor's in Chemical Engineering,Certification
Bachelor's in Chemistry,Certification
Bachelor's in Civil Engineering,Certification
Bachelor's in Clinical Psychology,Certification
Bachelor's in Computer Science,Certification
Bachelor's in Criminal Justice,Certification
Bachelor's in Culinary Arts,Certification
Bachelor's in Cybersecurity,Certification
Bachelor's in Data Science,Certification
Bachelor's in Dietetics,Certification
Bachelor's in Digital Arts,Certification
Bachelor's in Ecology,Certification
Bachelor's in Economics,Certification
Bachelor's in Education,Certification
Bachelor's in Electrical Engineering,Certification
Bachelor's in Elementary Education,Certification
Bachelor's in English,Certification
Bachelor's in Entrepreneurship,Certification
Bachelor's in Environmental Engineering,Certification
Bachelor's in Environmental Policy,Certification
Bachelor's in Environmental Science,Certification
Bachelor's in Fashion Design,Certification
Bachelor's in Film and Media Studies,Certification
Bachelor's in Finance,Certification
Bachelor's in Fine Arts,Certification
Bachelor's in Forensic Science,Certification
Bachelor's in Forestry,Certification
Bachelor's in Game Design,Certification
Bachelor's in Geology,Certification
Bachelor's in Graphic Design,Certification
Bachelor's in Health Sciences,Certification
Bachelor's in History,Certification
Bachelor's in Hospitality Management,Certification
Bachelor's in Human Resources Management,Certification
Bachelor's in Industrial Design,Certification
Bachelor's in Industrial Engineering,Certification
Bachelor's in Information Technology,Certification
Bachelor's in Interior Design,Certification
Bachelor's in International Business,Certification
Bachelor's in International Relations,Certification
Bachelor's in Journalism,Certification
Bachelor's in Kinesiology,Certification
Bachelor's in Legal Studies,Certification
Bachelor's in Management Information Systems,Certification
Bachelor's in Marine Biology,Certification
Bachelor's in Marketing,Certification
Bachelor's in Mass Communications,Certification
Bachelor's in Materials Science and Engineering,Certification
Bachelor's in Mathematics,Certification
Bachelor's in Mechanical Engineering,Certification
Bachelor's in Meteorology,Certification
Bachelor's in Music,Certification
Bachelor's in Music Education,Certification
Bachelor's in Network Administration,Certification
Bachelor's in Nursing,Certification
Bachelor's in Nutrition,Certification
Bachelor's in Oceanography,Certification
Bachelor's in Paralegal Studies,Certification
Bachelor's in Performance Arts,Certification
Bachelor's in Pharmacy,Certification
Bachelor's in Philosophy,Certification
Bachelor's in Physical Education,Certification
Bachelor's in Physical Therapy,Certification
Bachelor's in Physics,Certification
Bachelor's in Political Science,Certification
Bachelor's in Psychology,Certification
Bachelor's in Public Health,Certification
Bachelor's in Public Policy,Certification
Bachelor's in Public Relations,Certification
Bachelor's in Real Estate,Certification
Bachelor's in Religious Studies,Certification
Bachelor's in Secondary Education,Certification
Bachelor's in Social Work,Certification
Bachelor's in Sociology,Certification
Bachelor's in Software Engineering,Certification
Bachelor's in Special Education,Certification
Bachelor's in Sports Management,Certification
Bachelor's in Statistics,Certification
Bachelor's in Structural Engineering,Certification
Bachelor's in Supply Chain Management,Certification
Bachelor's in Systems Engineering,Certification
Bachelor's in Tourism Management,Certification
Bachelor's in Urban and Regional Planning,Certification
Bachelor's in Veterinary Science,Certification
Bachelor's in Wildlife Biology,Certification
Bachelor's in Zoology,Certification
Basic Life Support (BLS) Instructor Certification,Certification
Biomedical Auditor Certification,Certification
Board Certified Pharmacotherapy Specialist (BCPS),Certification
Board Certified Specialist in Renal Nutrition,Certification
Boating License,Certification
Boom Lift Certification,Certification
CDL Class B License,Certification
CDL Class C License,Certification
Certificate in Aircraft Maintenance,Certification
Certificate in Baking and Pastry Arts,Certification
Certificate in Barbering,Certification
Certificate in Dental Assistant,Certification
Certificate in Electrical Technology,Certification
Certificate in Masonry,Certification
Certificate in Motorcycle Repair,Certification
Certificate in Nail Technician,Certification
Certificate in Paramedic,Certification
Certificate in Pharmacy Technician,Certification
Certificate in Physical Therapy Assistant,Certification
Certificate in Plumbing Technology,Certification
Certificate in Veterinary Assistant,Certification
Certificate in Welding Technology,Certification
Certificate of Advanced Graduate Study (CAGS),Certification
Certificate of Clinical Competence In Speech-Language Pathology (CCC-SLP),Certification
Certification Healthcare Leadership,Certification
Certification in Neurophysiologic Intraoperative Monitoring (CNIM),Certification
Certification In Transportation And Logistics,Certification
Certification of Disability Management,Certification
Certification of Italian As A Foreign Languages,Certification
Certified Addictions Registered Nurse,Certification
Certified Alcoholism And Drug Abuse Counselor,Certification
Certified Ambulatory Perianesthesia Nurse,Certification
Certified Analytics Professional,Certification
Certified Apartment Manager,Certification
Certified Associate in Python Programming,Certification
Certified Associate Project Management,Certification
Certified Asthma Educator,Certification
Certified Bariatric Nurse,Certification
Certified Bath Designer,Certification
Certified Biomedical Equipment Technician,Certification
Certified Breast Care Nurse,Certification
Certified Cardiographic Technician,Certification
Certified Case Manager,Certification
Certified Child Life Specialist,Certification
Certified Clinical Hemodialysis Technician,Certification
Certified Clinical Medical Assistant,Certification
Certified Clinical Research Associate,Certification
Certified Clinical Transplant Coordinators,Certification
Certified Coding Associate,Certification
Certified Coding Specialist,Certification
Certified Continence Care Nurse,Certification
Certified Control Systems Technician,Certification
Certified Corrections Nurse,Certification
Certified Corrections Nurse Management,Certification
Certified Culinary Administration,Certification
Certified Diabetes Educator,Certification
Certified Dialysis Nurse,Certification
Certified Distance Learning Administrator,Certification
Certified Diversity Recruiter (CDR),Certification
Certified Documentation Improvement Practitioner,Certification
Certified Documentation Integrity Practitioner (CDIP),Certification
Certified E-Marketer,Certification
Certified Energy Manager,Certification
Certified Environmental Drycleaner,Certification
Certified First Assistant,Certification
Certified First Responder,Certification
Certified Flight Registered Nurse,Certification
Certified Foot Care Nurse,Certification
Certified Forensic Computer Examination,Certification
Certified Forklift Operator,Certification
Certified Gastroenterology Registered Nurse,Certification
Certified Grounds Management,Certification
Certified Health Coach,Certification
Certified Health Data Analyst,Certification
Certified Hemodialysis Technician,Certification
Certified Histotechnician (HT-ASCP),Certification
Certified Histotechnologist (HTL-ASCP),Certification
Certified Hospice And Palliative Care Administrator,Certification
Certified Hospice And Palliative Licensed Nurse,Certification
Certified Hospice And Palliative Nurses (CHPN),Certification
Certified Hospice And Palliative Nursing Assistant,Certification
"Certified In Logistics, Transportation And Distribution (CLTD)",Certification
Certified In Public Health (CPH),Certification
Certified Information Privacy Professional,Certification
Certified Information System Auditor (CISA),Certification
Certified Inpatient Coder,Certification
Certified Instrumentation Specialist,Certification
Certified Insurance Counselors,Certification
Certified Insurance Service Representatives,Certification
Certified IRB Manager,Certification
Certified Irrigation Designer,Certification
Certified Labview Developer,Certification
Certified Managed Care Nurse,Certification
Certified Management Accountant,Certification
Certified Manager of Housing (CMH),Certification
Certified Manufacturing Specialist,Certification
Certified Medical Assistant,Certification
Certified Medical Assistant (CMA),Certification
Certified Medical Billing And Coding Specialist,Certification
Certified Medical Laboratory Assistant,Certification
Certified Medical-Surgical Registered Nurse,Certification
Certified Music Therapist,Certification
Certified Nephrology Nurse,Certification
Certified Network Defense Architecture,Certification
Certified Neuroscience Registered Nurse,Certification
Certified Novell Salesperson,Certification
Certified Nurse Manager And Leader,Certification
Certified Nursing Assistant,Certification
Certified Occupancy Specialist (COS),Certification
Certified Occupational Health Nurse,Certification
Certified Ostomy Care Nurse,Certification
Certified Outpatient Coder,Certification
Certified Packer,Certification
Certified Patient Care,Certification
Certified Patient Care Technician,Certification
Certified Patient Care Technician/Associate/Nurse Technician,Certification
Certified Pediatric Emergency Nurse,Certification
Certified Pediatric Hematology Oncology Nurse,Certification
Certified Pediatric Nurse,Certification
Certified Pediatric Oncology Nurse,Certification
Certified Physician Practice Manager,Certification
Certified Plastic Surgical Nurse,Certification
Certified Pool & Spa Operator,Certification
Certified Practitioner,Certification
Certified Professional Biller (CPB),Certification
Certified Professional Coder,Certification
Certified Professional Coder (CPC),Certification
Certified Professional Collector (CPC),Certification
Certified Professional Compliance Officer,Certification
Certified Professional Geologist,Certification
Certified Professional In Healthcare Information And Management Systems,Certification
Certified Professional In Healthcare Quality,Certification
Certified Professional In Healthcare Risk Management,Certification
Certified Professional Manager,Certification
Certified Professional Medical Services Manager,Certification
Certified Professional of Occupancy,Certification
Certified Projects Director,Certification
Certified Property Manager,Certification
Certified Public Housing Manager (PHM),Certification
Certified Radiology Nurse,Certification
Certified Registered Nurse First Assistant,Certification
Certified Registered Nurse Infusion,Certification
Certified Rehabilitation Registered Nurse,Certification
Certified Residential Specialist,Certification
Certified Retirement Administrator,Certification
Certified Rhythm Analysis Technician,Certification
Certified Risk Adjustment Coder,Certification
Certified Senior Project Manager,Certification
Certified Society of Pain Educators,Certification
Certified Software Test Engineer,Certification
Certified Specialist in Gerontological Nutrition,Certification
Certified Specialist in Sports Dietetics,Certification
Certified Specialist of Wine,Certification
Certified Supplier Quality Professional (CSQP),Certification
Certified Surgical Technologist,Certification
Certified Technical Trainer,Certification
Certified Technology Specialist,Certification
Certified Teststand Developer,Certification
Certified Transport Registered Nurse,Certification
Certified Unix System Administration,Certification
Certified Urologic Physician's Assistant,Certification
Certified Urologic Registered Nurse,Certification
Certified Wine Educator,Certification
Certified Wound And Ostomy Care Nurse,Certification
Certified Wound Care Nurse,Certification
CFC Refrigeration Certification,Certification
Change Management Certified Professional,Certification
Chartered Institute of Management Accountants (CIMA),Certification
Chauffeur License,Certification
CISCO Certified Network Professional - Security,Certification
Clinical Documentation Integrity (CDI),Certification
Clinical Pastoral Education,Certification
CNOR Certification,Certification
Coder Certification,Certification
CompTIA A+ CE,Certification
CompTIA CASP CE,Certification
CompTIA Cloud Admin Professional (CCAP),Certification
CompTIA Cloud Essentials,Certification
CompTIA Cloud+,Certification
CompTIA Cloud+ CE,Certification
CompTIA Convergence Technologies Professional (CTP+),Certification
CompTIA Cybersecurity Analyst (CySA+),Certification
CompTIA Cybersecurity Analyst (CySA+) CE,Certification
CompTIA Digital Home Technology Integrator (DHTI+),Certification
CompTIA e-Biz+,Certification
CompTIA Green IT Specialist,Certification
CompTIA Healthcare IT Technician,Certification
CompTIA i-Net+,Certification
CompTIA Instructor+,Certification
CompTIA IT For Sales,Certification
CompTIA IT Fundamentals,Certification
CompTIA IT Operations Specialist (CIOS),Certification
CompTIA Linux Network Professional (CLNP),Certification
CompTIA Linux+ Powered By LPI,Certification
CompTIA Mobile App Security+,Certification
CompTIA Mobility+,Certification
CompTIA Mobility+ CE,Certification
CompTIA Network Infrastructure Professional (CNIP),Certification
CompTIA Network Security Professional (CNSP),Certification
CompTIA Network Vulnerability Assessment Professional (CNVP),Certification
CompTIA Network+ CE,Certification
CompTIA PenTest+ CE,Certification
CompTIA Printing and Document Imaging (PDI+),Certification
CompTIA Secure Cloud Professional (CSCP),Certification
CompTIA Secure Infrastructure Specialist (CSIS),Certification
CompTIA Security Analytics Expert (CSAE),Certification
CompTIA Security Analytics Professional (CSAP),Certification
CompTIA Security Infrastructure Expert (CSIE),Certification
CompTIA Security+ CE,Certification
CompTIA Storage+ Powered By SNIA,Certification
CompTIA Storage+ Powered By SNIA CE,Certification
CompTIA Strata - IT Fundamentals,Certification
CompTIA Strata - Network Technology Engineer,Certification
CompTIA Strata - PC Functionality,Certification
CompTIA Strata - PC Hardware Technology Engineer,Certification
CompTIA Strata - PC Operating System Engineer,Certification
CompTIA Strata - PC Technology,Certification
CompTIA Systems Support Specialist (CSSS),Certification
Conductor Certification,Certification
Coronal Polishing Certificate,Certification
Crestron Certified Programmer,Certification
CSSP Analyst,Certification
CSSP Auditor,Certification
CSSP Incident Responder,Certification
CSSP Infrastructure Support,Certification
Cytogenetics Technologist Certification (CG-ASCP),Certification
Dietetic Technician Registered (DTR/NDTR),Certification
Diploma in Automotive Technology,Certification
Diploma in Carpentry,Certification
Diploma in Cosmetology,Certification
Diploma in Culinary Arts,Certification
Diploma in Diesel Mechanic Technology,Certification
Diploma in Emergency Medical Technician (EMT),Certification
Diploma in Esthetics,Certification
"Diploma in HVAC (Heating, Ventilation, and Air Conditioning) Repair",Certification
Diploma in Marine Mechanic Technology,Certification
Diploma in Massage Therapy,Certification
Diploma in Medical Assistant,Certification
Diploma in Medical Billing and Coding,Certification
Diploma in Surgical Technology,Certification
DO-178B/C (Software Considerations in Airborne Systems and Equipment Certification),Certification
Doctor of Dental Medicine (DMD),Certification
Doctor of Dental Medicine (DMD),Certification
Doctor of Dental Surgery (DDS),Certification
Doctor of Medicine (MD),Certification
Doctor of Nursing Practice,Certification
Doctor of Pharmacy (PharmD),Certification
Doctor of Physical Therapy,Certification
Doctor of Public Health,Certification
Doctor of Public Health,Certification
Doctor of Veterinary Medicine (DVM/VMD),Certification
DoD Information Assurance Certification and Accreditation Process (DIACAP),Certification
DOT Certification,Certification
DOT Certified Medical Examiner,Certification
Doubles Endorsement,Certification
Drone Pilot Certificate,Certification
Early Childhood Ancillary Certificate,Certification
Electric Vehicle Infrastructure Training Program (EVITP),Certification
Emergency Nurse Pediatric Course (ENPC),Certification
Engineer in Training,Certification
Expanded Functions Dental Assistant,Certification
Facilities Management Administrator (FMA),Certification
Family And Consumer Sciences Certification,Certification
Fellow of the Society of Actuaries,Certification
Flagger Certification,Certification
Flight Attendant Certification,Certification
Forensic Examiner Certification,Certification
Forklift Certification,Certification
Functional Independence Measure (FIM),Certification
Gerontological Nurse Practitioner,Certification
GIAC Certified Enterprise Defender (GCED),Certification
GIAC Cyber Threat Intelligence,Certification
GIAC Exploit Researcher and Advanced Penetration Tester,Certification
GIAC Global Industrial Cyber Security Professional,Certification
GIAC Information Security Fundamentals,Certification
GIAC Network Forensic Analyst,Certification
GIAC Penetration Tester,Certification
GIAC Security Essentials Certification,Certification
GIAC Web Application Defender,Certification
GIAC Web Application Penetration Tester,Certification
GIS Certificate,Certification
Global Information Assurance Certification,Certification
Google Advanced Analytics Certificate,Certification
Google Adwords Certification,Certification
Google Analytics Certification,Certification
Google Associate Cloud Engineer,Certification
Google Business Intelligence Certificate,Certification
Google Cybersecurity Professional Certificate,Certification
Google Data Analytics Certificate,Certification
Google Digital Marketing Certificate,Certification
Google IT Automation Certificate,Certification
Google IT Support Certificate,Certification
Google Professional Cloud Architect,Certification
Google Project Management Certificate,Certification
Google UX Design Certificate,Certification
Hazmat Endorsement,Certification
IAM Level I Certification,Certification
IAM Level II Certification,Certification
IAM Level III Certification,Certification
IAT Level I Certification,Certification
IAT Level II Certification,Certification
IAT Level III Certification,Certification
IIBA Agile Analysis Certification,Certification
Infection Control Certification,Certification
Information Advice And Guidance (IAG) Qualification,Certification
International Board of Heart Rhythm Examiners (IBHRE) Certification,Certification
IPMA Certified Project Management Associate,Certification
ITIL Expert Certification,Certification
ITIL Foundation Certification,Certification
ITIL Practitioner Certification,Certification
Jamf Certification,Certification
Juris Doctor,Certification
LEED Accredited Professional (AP),Certification
LEED Green Associate,Certification
Licensed Insurance Producer,Certification
Loss Prevention Certified,Certification
Lymphedema Certification,Certification
Management of Aggressive Behavior (MOAB) Certification,Certification
Marketing Skills Certification,Certification
Master of Laws,Certification
Master of Laws in Taxation,Certification
Master's in Accounting,Certification
Master's in Advertising,Certification
Master's in Aerospace Engineering,Certification
Master's in Animation,Certification
Master's in Anthropology,Certification
Master's in Archaeology,Certification
Master's in Archival Studies,Certification
Master's in Art,Certification
Master's in Art Education,Certification
Master's in Art History,Certification
Master's in Bioinformatics,Certification
Master's in Biology,Certification
Master's in Biomedical Engineering,Certification
Master's in Botany,Certification
Master's in Business Administration (MBA),Certification
Master's in Chemical Engineering,Certification
Master's in Chemistry,Certification
Master's in Civil Engineering,Certification
Master's in Clinical Psychology,Certification
Master's in Communication Studies,Certification
Master's in Computer Science,Certification
Master's in Counseling,Certification
Master's in Creative Writing,Certification
Master's in Criminal Justice,Certification
Master's in Culinary Arts,Certification
Master's in Curriculum and Instruction,Certification
Master's in Cybersecurity,Certification
Master's in Dance,Certification
Master's in Data Science,Certification
Master's in Ecology,Certification
Master's in Economics,Certification
Master's in Education,Certification
Master's in Educational Leadership,Certification
Master's in Electrical Engineering,Certification
Master's in English Literature,Certification
Master's in Environmental Engineering,Certification
Master's in Environmental Science,Certification
Master's in Fashion Design,Certification
Master's in Film Production,Certification
Master's in Finance,Certification
Master's in Forensic Science,Certification
Master's in Geology,Certification
Master's in Graphic Design,Certification
Master's in History,Certification
Master's in Hospitality Management,Certification
Master's in Human Resources,Certification
Master's in Industrial Design,Certification
Master's in Industrial Engineering,Certification
Master's in Information Technology,Certification
Master's in Interior Design,Certification
Master's in International Business,Certification
Master's in International Relations,Certification
Master's in Journalism,Certification
Master's in Landscape Architecture,Certification
Master's in Law (LLM),Certification
Master's in Library Science,Certification
Master's in Marine Biology,Certification
Master's in Marketing,Certification
Master's in Materials Science and Engineering,Certification
Master's in Mathematics,Certification
Master's in Mechanical Engineering,Certification
Master's in Media Studies,Certification
Master's in Meteorology,Certification
Master's in Museum Studies,Certification
Master's in Music,Certification
Master's in Music Education,Certification
Master's in Music Therapy,Certification
Master's in Network Engineering,Certification
Master's in Nursing,Certification
Master's in Nutrition,Certification
Master's in Occupational Therapy,Certification
Master's in Oceanography,Certification
Master's in Operations Management,Certification
Master's in Pharmacy,Certification
Master's in Philosophy,Certification
Master's in Physical Therapy,Certification
Master's in Physician Assistant Studies,Certification
Master's in Physics,Certification
Master's in Political Science,Certification
Master's in Project Management,Certification
Master's in Psychology,Certification
Master's in Public Administration,Certification
Master's in Public Health,Certification
Master's in Public Policy,Certification
Master's in Public Relations,Certification
Master's in Real Estate,Certification
Master's in Social Work,Certification
Master's in Sociology,Certification
Master's in Software Engineering,Certification
Master's in Special Education,Certification
Master's in Statistics,Certification
Master's in Structural Engineering,Certification
Master's in Supply Chain Management,Certification
Master's in Systems Engineering,Certification
Master's in Teaching English as a Second Language,Certification
Master's in Theater,Certification
Master's in Theology,Certification
Master's in Urban Planning,Certification
Master's in Zoology,Certification
Medical Surgical Nurses Certification Board,Certification
Medication Aide/Assistant Certification Examination,Certification
Microsoft Azure Certification,Certification
Microsoft Certified Azure Solutions Architect,Certification
Microsoft Certified: Azure Fundamentals,Certification
Microsoft Dynamics 365 Field Service Certification,Certification
Mobile Electronics Certification Programs,Certification
National Certified School Counselor,Certification
Nationwide Mortgage Licensing System (NMLS),Certification
Neonatal Resuscitation Program,Certification
NIH Stroke Scale (NIHSS),Certification
NIST Cybersecurity Framework (CSF),Certification
Ophthalmic Surgical Assisting,Certification
Oracle Certification Asscoiate,Certification
Oracle Certified Java Programmer,Certification
OSHA Safety Certificates,Certification
Outdoor Emergency Care,Certification
Passenger Endorsement,Certification
Patient Identification and Matching,Certification
Peace Officer Certification,Certification
Pega Certified Business Architect,Certification
Pega Certified Decisioning Consultant,Certification
Pega Certified Lead System Architect,Certification
Pega Certified Senior System Architect,Certification
Pega Certified System Architect,Certification
Permit To Work (PTW),Certification
PhD in Acoustical Engineering,Certification
PhD in Aerospace Engineering,Certification
PhD in Agricultural Science,Certification
PhD in Anthropology,Certification
PhD in Archaeology,Certification
PhD in Art History,Certification
PhD in Artificial Intelligence,Certification
PhD in Astrophysics,Certification
PhD in Bioinformatics,Certification
PhD in Biology,Certification
PhD in Biomedical Engineering,Certification
PhD in Biotechnology,Certification
PhD in Business Administration,Certification
PhD in Ceramic Engineering,Certification
PhD in Chemical Engineering,Certification
PhD in Chemistry,Certification
PhD in Civil Engineering,Certification
PhD in Clinical Psychology,Certification
PhD in Communication,Certification
PhD in Computer Science,Certification
PhD in Counseling,Certification
PhD in Cryptography,Certification
PhD in Dance,Certification
PhD in Data Science,Certification
PhD in Dentistry,Certification
PhD in Divinity,Certification
PhD in Economics,Certification
PhD in Education,Certification
PhD in Electrical Engineering,Certification
PhD in English Literature,Certification
PhD in Environmental Engineering,Certification
PhD in Environmental Science,Certification
PhD in Fashion Design,Certification
PhD in Film Studies,Certification
PhD in Finance,Certification
PhD in Fine Arts,Certification
PhD in Food Science,Certification
PhD in Forensic Science,Certification
PhD in Forestry,Certification
PhD in Game Design,Certification
PhD in Genetics,Certification
PhD in Geology,Certification
PhD in Geotechnical Engineering,Certification
PhD in Graphic Design,Certification
PhD in History,Certification
PhD in Human Resources,Certification
PhD in Industrial Design,Certification
PhD in Information Science,Certification
PhD in Information Systems,Certification
PhD in Interior Design,Certification
PhD in International Relations,Certification
PhD in Law,Certification
PhD in Library Science,Certification
PhD in Linguistics,Certification
PhD in Machine Learning,Certification
PhD in Marketing,Certification
PhD in Materials Science,Certification
PhD in Mathematics,Certification
PhD in Mechanical Engineering,Certification
PhD in Media Studies,Certification
PhD in Meteorology,Certification
PhD in Molecular Biology,Certification
PhD in Musicology,Certification
PhD in Nanotechnology,Certification
PhD in Network Security,Certification
PhD in Neuroscience,Certification
PhD in Nursing,Certification
PhD in Nutritional Sciences,Certification
PhD in Oceanography,Certification
PhD in Operations Research,Certification
PhD in Paper Engineering,Certification
PhD in Petroleum Engineering,Certification
PhD in Pharmacology,Certification
PhD in Pharmacy,Certification
PhD in Philosophy,Certification
PhD in Physics,Certification
PhD in Plastic Engineering,Certification
PhD in Political Science,Certification
PhD in Psychology,Certification
PhD in Public Administration,Certification
PhD in Public Health,Certification
PhD in Quantum Computing,Certification
PhD in Renewable Energy,Certification
PhD in Robotics,Certification
PhD in Social Work,Certification
PhD in Sociology,Certification
PhD in Software Engineering,Certification
PhD in Statistics,Certification
PhD in Structural Engineering,Certification
PhD in Systems Engineering,Certification
PhD in Textile Engineering,Certification
PhD in Theatre,Certification
PhD in Theology,Certification
PhD in Transportation Engineering,Certification
PhD in Urban Planning,Certification
PhD in Veterinary Science,Certification
PhD in Water Resources Engineering,Certification
PhD in Welding Engineering,Certification
PhD in Wood Science and Engineering,Certification
PMI Professional in Business Analysis,Certification
PMI Risk Management Professional,Certification
PMI Scheduling Professional,Certification
Portfolio Management Professional,Certification
Project Management Associate Certification,Certification
Project Management Certification,Certification
Property Administrator Certification,Certification
Radiology Certification,Certification
Real Estate Broker License,Certification
Real Estate Salesperson License,Certification
Real Property Administrator,Certification
Red Hat Certification Programs,Certification
Registered Art Therapist,Certification
Release of Information (ROI),Certification
SACA Certified Industry 4.0 Associate Advanced Operations,Certification
SACA Certified Industry 4.0 Associate Basic Operations,Certification
SACA Certified Industry 4.0 Associate Robot System Operations,Certification
SACA Certified Industry 4.0 IIoT Net Data,Certification
SAFe Release Train Engineer (RTE),Certification
Safety Trained Supervision,Certification
Sailing Certification,Certification
School Bus Endorsement,Certification
Scissor Lift Certification,Certification
SCYBER,Certification
Senior Certified Welding Inspector,Certification
Servsafe Alcohol,Certification
Six Sigma Black Belt Certification,Certification
Six Sigma Green Belt Certification,Certification
Specialized Skill,Certification
Standards of Training Certification and Watchkeeping,Certification
Systems And Network Auditor Certification,Certification
Tanker And Hazmat Combo X Endorsement,Certification
Tanker Endorsement,Certification
Tax Credit Specialist,Certification
Taxi License,Certification
Traffic Control Supervisor,Certification
Trauma Nurse Core Course (TNCC),Certification
Triples Endorsement,Certification
Weighmaster Certification,Certification
Wicklander-Zulawski Certification,Certification
Zend PHP Certification,Certification